{
  "generated_at": "2026-04-17T11:34:14.984479+00:00",
  "overall_counts": [
    {
      "section": "overall_counts",
      "group_type": "overall",
      "group_value": "all",
      "total_cases": 128,
      "scored_cases": 128,
      "skipped_cases": 0,
      "error_cases": 0,
      "recall_at_1": 0.5803571428571429,
      "recall_at_5": 0.7946428571428571,
      "hit_at_5": 0.75,
      "precision_at_5": 0.375,
      "mrr": 0.6441964285714287,
      "ndcg_at_5": 0.4033545160355094,
      "selected_hit": 0.7109375,
      "latency_first_ms": 1.8951650001456852,
      "latency_final_ms": 1415.4819155312523
    }
  ],
  "single_target_family": {
    "overall": [
      {
        "section": "single_target_family",
        "group_type": "overall",
        "group_value": "single_target_family",
        "total_cases": 92,
        "scored_cases": 92,
        "skipped_cases": 0,
        "error_cases": 0,
        "recall_at_1": 0.6521739130434783,
        "recall_at_5": 0.8260869565217391,
        "hit_at_5": null,
        "precision_at_5": null,
        "mrr": 0.7065217391304348,
        "ndcg_at_5": null,
        "selected_hit": 0.7608695652173914,
        "latency_first_ms": 1.8951650001456852,
        "latency_final_ms": 1572.9207842825876
      }
    ],
    "by_variant": [
      {
        "section": "single_target_family",
        "group_type": "variant",
        "group_value": "full",
        "total_cases": 46,
        "scored_cases": 46,
        "skipped_cases": 0,
        "error_cases": 0,
        "recall_at_1": 0.6521739130434783,
        "recall_at_5": 0.8260869565217391,
        "hit_at_5": null,
        "precision_at_5": null,
        "mrr": 0.7065217391304348,
        "ndcg_at_5": null,
        "selected_hit": 0.7608695652173914,
        "latency_first_ms": 1.9507490000510839,
        "latency_final_ms": 1535.0564067173805
      },
      {
        "section": "single_target_family",
        "group_type": "variant",
        "group_value": "no_rewriting",
        "total_cases": 46,
        "scored_cases": 46,
        "skipped_cases": 0,
        "error_cases": 0,
        "recall_at_1": 0.6521739130434783,
        "recall_at_5": 0.8260869565217391,
        "hit_at_5": null,
        "precision_at_5": null,
        "mrr": 0.7065217391304348,
        "ndcg_at_5": null,
        "selected_hit": 0.7608695652173914,
        "latency_first_ms": 1.8395810002402868,
        "latency_final_ms": 1610.7851618477941
      }
    ],
    "by_mode": [
      {
        "section": "single_target_family",
        "group_type": "mode",
        "group_value": "image",
        "total_cases": 38,
        "scored_cases": 38,
        "skipped_cases": 0,
        "error_cases": 0,
        "recall_at_1": 0.8947368421052632,
        "recall_at_5": 0.8947368421052632,
        "hit_at_5": null,
        "precision_at_5": null,
        "mrr": 0.8947368421052632,
        "ndcg_at_5": null,
        "selected_hit": 0.7368421052631579,
        "latency_first_ms": null,
        "latency_final_ms": 1206.3242015789288
      },
      {
        "section": "single_target_family",
        "group_type": "mode",
        "group_value": "model_3d",
        "total_cases": 14,
        "scored_cases": 14,
        "skipped_cases": 0,
        "error_cases": 0,
        "recall_at_1": 0.8571428571428571,
        "recall_at_5": 0.8571428571428571,
        "hit_at_5": null,
        "precision_at_5": null,
        "mrr": 0.8571428571428571,
        "ndcg_at_5": null,
        "selected_hit": 0.8571428571428571,
        "latency_first_ms": 1.8951650001456852,
        "latency_final_ms": 3691.042575357187
      },
      {
        "section": "single_target_family",
        "group_type": "mode",
        "group_value": "text_single",
        "total_cases": 40,
        "scored_cases": 40,
        "skipped_cases": 0,
        "error_cases": 0,
        "recall_at_1": 0.35,
        "recall_at_5": 0.75,
        "hit_at_5": null,
        "precision_at_5": null,
        "mrr": 0.475,
        "ndcg_at_5": null,
        "selected_hit": 0.75,
        "latency_first_ms": null,
        "latency_final_ms": 1179.8449109749527
      }
    ],
    "by_museum": [
      {
        "section": "single_target_family",
        "group_type": "museum",
        "group_value": "mnaz",
        "total_cases": 44,
        "scored_cases": 44,
        "skipped_cases": 0,
        "error_cases": 0,
        "recall_at_1": 0.6363636363636364,
        "recall_at_5": 0.8636363636363636,
        "hit_at_5": null,
        "precision_at_5": null,
        "mrr": 0.712121212121212,
        "ndcg_at_5": null,
        "selected_hit": 0.7727272727272727,
        "latency_first_ms": null,
        "latency_final_ms": 1280.6322233181866
      },
      {
        "section": "single_target_family",
        "group_type": "museum",
        "group_value": "mnt",
        "total_cases": 48,
        "scored_cases": 48,
        "skipped_cases": 0,
        "error_cases": 0,
        "recall_at_1": 0.6666666666666666,
        "recall_at_5": 0.7916666666666666,
        "hit_at_5": null,
        "precision_at_5": null,
        "mrr": 0.7013888888888888,
        "ndcg_at_5": null,
        "selected_hit": 0.75,
        "latency_first_ms": 1.8951650001456852,
        "latency_final_ms": 1840.851965166621
      }
    ]
  },
  "text_multi": {
    "overall": [
      {
        "section": "text_multi",
        "group_type": "overall",
        "group_value": "text_multi",
        "total_cases": 16,
        "scored_cases": 16,
        "skipped_cases": 0,
        "error_cases": 0,
        "recall_at_1": null,
        "recall_at_5": null,
        "hit_at_5": 0.75,
        "precision_at_5": 0.375,
        "mrr": null,
        "ndcg_at_5": 0.4033545160355094,
        "selected_hit": 0.625,
        "latency_first_ms": null,
        "latency_final_ms": 940.4318972499368
      }
    ],
    "by_variant": [
      {
        "section": "text_multi",
        "group_type": "variant",
        "group_value": "full",
        "total_cases": 8,
        "scored_cases": 8,
        "skipped_cases": 0,
        "error_cases": 0,
        "recall_at_1": null,
        "recall_at_5": null,
        "hit_at_5": 0.75,
        "precision_at_5": 0.375,
        "mrr": null,
        "ndcg_at_5": 0.4033545160355094,
        "selected_hit": 0.625,
        "latency_first_ms": null,
        "latency_final_ms": 884.9999391250094
      },
      {
        "section": "text_multi",
        "group_type": "variant",
        "group_value": "no_rewriting",
        "total_cases": 8,
        "scored_cases": 8,
        "skipped_cases": 0,
        "error_cases": 0,
        "recall_at_1": null,
        "recall_at_5": null,
        "hit_at_5": 0.75,
        "precision_at_5": 0.375,
        "mrr": null,
        "ndcg_at_5": 0.4033545160355094,
        "selected_hit": 0.625,
        "latency_first_ms": null,
        "latency_final_ms": 995.8638553748642
      }
    ],
    "by_mode": [],
    "by_museum": [
      {
        "section": "text_multi",
        "group_type": "museum",
        "group_value": "mnaz",
        "total_cases": 6,
        "scored_cases": 6,
        "skipped_cases": 0,
        "error_cases": 0,
        "recall_at_1": null,
        "recall_at_5": null,
        "hit_at_5": 0.6666666666666666,
        "precision_at_5": 0.39999999999999997,
        "mrr": null,
        "ndcg_at_5": 0.38202278328090217,
        "selected_hit": 0.6666666666666666,
        "latency_first_ms": null,
        "latency_final_ms": 964.7854138330937
      },
      {
        "section": "text_multi",
        "group_type": "museum",
        "group_value": "mnt",
        "total_cases": 10,
        "scored_cases": 10,
        "skipped_cases": 0,
        "error_cases": 0,
        "recall_at_1": null,
        "recall_at_5": null,
        "hit_at_5": 0.8,
        "precision_at_5": 0.36000000000000004,
        "mrr": null,
        "ndcg_at_5": 0.4161535556882738,
        "selected_hit": 0.6,
        "latency_first_ms": null,