{
  "generated_at": "2026-04-16T13:49:22.927571+00:00",
  "overall": [
    {
      "group_type": "overall",
      "group_value": "all",
      "total_cases": 54,
      "scored_cases": 53,
      "skipped_cases": 1,
      "error_cases": 0,
      "recall_at_1": 0.660377358490566,
      "selected_hit": null,
      "recall_at_5": 0.8301886792452831,
      "mrr": 0.7122641509433962,
      "ndcg_at_5": 0.46097658975486794,
      "latency_first_ms": 1.972929428250479,
      "latency_final_ms": 440.5000328113018
    }
  ],
  "by_museum": [
    {
      "group_type": "museum",
      "group_value": "mnaz",
      "total_cases": 25,
      "scored_cases": 24,
      "skipped_cases": 1,
      "error_cases": 0,
      "recall_at_1": 0.625,
      "selected_hit": null,
      "recall_at_5": 0.875,
      "mrr": 0.704861111111111,
      "ndcg_at_5": 0.5730341749213532,
      "latency_first_ms": null,
      "latency_final_ms": 128.97845095843272
    },
    {
      "group_type": "museum",
      "group_value": "mnt",
      "total_cases": 29,
      "scored_cases": 29,
      "skipped_cases": 0,
      "error_cases": 0,
      "recall_at_1": 0.6896551724137931,
      "selected_hit": null,
      "recall_at_5": 0.7931034482758621,
      "mrr": 0.7183908045977011,
      "ndcg_at_5": 0.4161535556882738,
      "latency_first_ms": 1.972929428250479,
      "latency_final_ms": 698.3109971033314
    }
  ],
  "by_mode": [
    {
      "group_type": "mode",
      "group_value": "image",
      "total_cases": 19,
      "scored_cases": 19,
      "skipped_cases": 0,
      "error_cases": 0,
      "recall_at_1": 0.8947368421052632,
      "selected_hit": null,
      "recall_at_5": 0.8947368421052632,
      "mrr": 0.8947368421052632,
      "ndcg_at_5": null,
      "latency_first_ms": null,
      "latency_final_ms": 158.30742542101163
    },
    {
      "group_type": "mode",
      "group_value": "model_3d",
      "total_cases": 7,
      "scored_cases": 7,
      "skipped_cases": 0,
      "error_cases": 0,
      "recall_at_1": 0.8571428571428571,
      "selected_hit": null,
      "recall_at_5": 0.8571428571428571,
      "mrr": 0.8571428571428571,
      "ndcg_at_5": null,
      "latency_first_ms": 1.972929428250479,
      "latency_final_ms": 2602.2259442852373
    },
    {
      "group_type": "mode",
      "group_value": "text_multi",
      "total_cases": 8,
      "scored_cases": 7,
      "skipped_cases": 1,
      "error_cases": 0,
      "recall_at_1": 0.7142857142857143,
      "selected_hit": null,
      "recall_at_5": 0.8571428571428571,
      "mrr": 0.75,
      "ndcg_at_5": 0.46097658975486794,
      "latency_first_ms": null,
      "latency_final_ms": 61.477444428809186
    },
    {
      "group_type": "mode",
      "group_value": "text_single",
      "total_cases": 20,
      "scored_cases": 20,
      "skipped_cases": 0,
      "error_cases": 0,
      "recall_at_1": 0.35,
      "selected_hit": null,
      "recall_at_5": 0.75,
      "mrr": 0.475,
      "ndcg_at_5": null,
      "latency_first_ms": null,
      "latency_final_ms": 84.63684675007244
    }
  ],
  "by_variant": [
    {
      "group_type": "variant",
      "group_value": "full",
      "total_cases": 54,
      "scored_cases": 53,
      "skipped_cases": 1,
      "error_cases": 0,
      "recall_at_1": 0.660377358490566,
      "selected_hit": null,
      "recall_at_5": 0.8301886792452831,
      "mrr": 0.7122641509433962,
      "ndcg_at_5": 0.46097658975486794,
      "latency_first_ms": 1.972929428250479,
      "latency_final_ms": 440.5000328113018
    }
  ]
}