{
  "generated_at": "2026-04-20T11:08:58.255327+00:00",
  "overall_counts": [
    {
      "section": "overall_counts",
      "group_type": "overall",
      "group_value": "all",
      "total_cases": 54,
      "scored_cases": 54,
      "skipped_cases": 0,
      "error_cases": 0,
      "recall_at_1": 0.6521739130434783,
      "recall_at_5": 0.8260869565217391,
      "hit_at_5": 0.75,
      "precision_at_5": 0.375,
      "mrr": 0.7065217391304348,
      "ndcg_at_5": 0.4033545160355094,
      "selected_hit": 0.7407407407407407,
      "latency_first_ms": 1.9812119999999465,
      "latency_final_ms": 998.1758584259261
    }
  ],
  "single_target_family": {
    "overall": [
      {
        "section": "single_target_family",
        "group_type": "overall",
        "group_value": "single_target_family",
        "total_cases": 46,
        "scored_cases": 46,
        "skipped_cases": 0,
        "error_cases": 0,
        "recall_at_1": 0.6521739130434783,
        "recall_at_5": 0.8260869565217391,
        "hit_at_5": null,
        "precision_at_5": null,
        "mrr": 0.7065217391304348,
        "ndcg_at_5": null,
        "selected_hit": 0.7608695652173914,
        "latency_first_ms": 1.9812119999999465,
        "latency_final_ms": 1065.9355965869584
      }
    ],
    "by_variant": [
      {
        "section": "single_target_family",
        "group_type": "variant",
        "group_value": "full",
        "total_cases": 46,
        "scored_cases": 46,
        "skipped_cases": 0,
        "error_cases": 0,
        "recall_at_1": 0.6521739130434783,
        "recall_at_5": 0.8260869565217391,
        "hit_at_5": null,
        "precision_at_5": null,
        "mrr": 0.7065217391304348,
        "ndcg_at_5": null,
        "selected_hit": 0.7608695652173914,
        "latency_first_ms": 1.9812119999999465,
        "latency_final_ms": 1065.9355965869584
      }
    ],
    "by_mode": [
      {
        "section": "single_target_family",
        "group_type": "mode",
        "group_value": "image",
        "total_cases": 19,
        "scored_cases": 19,
        "skipped_cases": 0,
        "error_cases": 0,
        "recall_at_1": 0.8947368421052632,
        "recall_at_5": 0.8947368421052632,
        "hit_at_5": null,
        "precision_at_5": null,
        "mrr": 0.8947368421052632,
        "ndcg_at_5": null,
        "selected_hit": 0.8947368421052632,
        "latency_first_ms": null,
        "latency_final_ms": 774.9669322631598
      },
      {
        "section": "single_target_family",
        "group_type": "mode",
        "group_value": "model_3d",
        "total_cases": 7,
        "scored_cases": 7,
        "skipped_cases": 0,
        "error_cases": 0,
        "recall_at_1": 0.8571428571428571,
        "recall_at_5": 0.8571428571428571,
        "hit_at_5": null,
        "precision_at_5": null,
        "mrr": 0.8571428571428571,
        "ndcg_at_5": null,
        "selected_hit": 0.8571428571428571,
        "latency_first_ms": 1.9812119999999465,
        "latency_final_ms": 3083.884816714276
      },
      {
        "section": "single_target_family",
        "group_type": "mode",
        "group_value": "text_single",
        "total_cases": 20,
        "scored_cases": 20,
        "skipped_cases": 0,
        "error_cases": 0,
        "recall_at_1": 0.35,
        "recall_at_5": 0.75,
        "hit_at_5": null,
        "precision_at_5": null,
        "mrr": 0.475,
        "ndcg_at_5": null,
        "selected_hit": 0.6,
        "latency_first_ms": null,
        "latency_final_ms": 636.0736006500048
      }
    ],
    "by_museum": [
      {
        "section": "single_target_family",
        "group_type": "museum",
        "group_value": "mnaz",
        "total_cases": 22,
        "scored_cases": 22,
        "skipped_cases": 0,
        "error_cases": 0,
        "recall_at_1": 0.6363636363636364,
        "recall_at_5": 0.8636363636363636,
        "hit_at_5": null,
        "precision_at_5": null,
        "mrr": 0.712121212121212,
        "ndcg_at_5": null,
        "selected_hit": 0.7727272727272727,
        "latency_first_ms": null,
        "latency_final_ms": 744.7747424545473
      },
      {
        "section": "single_target_family",
        "group_type": "museum",
        "group_value": "mnt",
        "total_cases": 24,
        "scored_cases": 24,
        "skipped_cases": 0,
        "error_cases": 0,
        "recall_at_1": 0.6666666666666666,
        "recall_at_5": 0.7916666666666666,
        "hit_at_5": null,
        "precision_at_5": null,
        "mrr": 0.7013888888888888,
        "ndcg_at_5": null,
        "selected_hit": 0.75,
        "latency_first_ms": 1.9812119999999465,
        "latency_final_ms": 1360.3330462083343
      }
    ]
  },
  "text_multi": {
    "overall": [
      {
        "section": "text_multi",
        "group_type": "overall",
        "group_value": "text_multi",
        "total_cases": 8,
        "scored_cases": 8,
        "skipped_cases": 0,
        "error_cases": 0,
        "recall_at_1": null,
        "recall_at_5": null,
        "hit_at_5": 0.75,
        "precision_at_5": 0.375,
        "mrr": null,
        "ndcg_at_5": 0.4033545160355094,
        "selected_hit": 0.625,
        "latency_first_ms": null,
        "latency_final_ms": 608.5573639999922
      }
    ],
    "by_variant": [
      {
        "section": "text_multi",
        "group_type": "variant",
        "group_value": "full",
        "total_cases": 8,
        "scored_cases": 8,
        "skipped_cases": 0,
        "error_cases": 0,
        "recall_at_1": null,
        "recall_at_5": null,
        "hit_at_5": 0.75,
        "precision_at_5": 0.375,
        "mrr": null,
        "ndcg_at_5": 0.4033545160355094,
        "selected_hit": 0.625,
        "latency_first_ms": null,
        "latency_final_ms": 608.5573639999922
      }
    ],
    "by_mode": [],
    "by_museum": [
      {
        "section": "text_multi",
        "group_type": "museum",
        "group_value": "mnaz",
        "total_cases": 3,
        "scored_cases": 3,
        "skipped_cases": 0,
        "error_cases": 0,
        "recall_at_1": null,
        "recall_at_5": null,
        "hit_at_5": 0.6666666666666666,
        "precision_at_5": 0.39999999999999997,
        "mrr": null,
        "ndcg_at_5": 0.38202278328090217,
        "selected_hit": 0.3333333333333333,
        "latency_first_ms": null,
        "latency_final_ms": 611.9145796666506
      },
      {
        "section": "text_multi",
        "group_type": "museum",
        "group_value": "mnt",
        "total_cases": 5,
        "scored_cases": 5,
        "skipped_cases": 0,
        "error_cases": 0,
        "recall_at_1": null,
        "recall_at_5": null,
        "hit_at_5": 0.8,
        "precision_at_5": 0.36000000000000004,
        "mrr": null,
        "ndcg_at_5": 0.4161535556882738,
        "selected_hit": 0.8,
        "latency_first_ms": null,
        "latency_final_ms": 606.5430345999971
      }
    ]
  }
}