{
  "generated_at": "2026-04-17T11:00:55.021149+00:00",
  "overall_counts": [
    {
      "section": "overall_counts",
      "group_type": "overall",
      "group_value": "all",
      "total_cases": 108,
      "scored_cases": 108,
      "skipped_cases": 0,
      "error_cases": 0,
      "recall_at_1": 0.6521739130434783,
      "recall_at_5": 0.8260869565217391,
      "hit_at_5": 0.75,
      "precision_at_5": 0.375,
      "mrr": 0.7065217391304348,
      "ndcg_at_5": 0.4033545160355094,
      "selected_hit": 0.7314814814814815,
      "latency_first_ms": 1.9194046428765432,
      "latency_final_ms": 1484.042374009265
    }
  ],
  "single_target_family": {
    "overall": [
      {
        "section": "single_target_family",
        "group_type": "overall",
        "group_value": "single_target_family",
        "total_cases": 92,
        "scored_cases": 92,
        "skipped_cases": 0,
        "error_cases": 0,
        "recall_at_1": 0.6521739130434783,
        "recall_at_5": 0.8260869565217391,
        "hit_at_5": null,
        "precision_at_5": null,
        "mrr": 0.7065217391304348,
        "ndcg_at_5": null,
        "selected_hit": 0.75,
        "latency_first_ms": 1.9194046428765432,
        "latency_final_ms": 1553.768120021751
      }
    ],
    "by_variant": [
      {
        "section": "single_target_family",
        "group_type": "variant",
        "group_value": "full",
        "total_cases": 46,
        "scored_cases": 46,
        "skipped_cases": 0,
        "error_cases": 0,
        "recall_at_1": 0.6521739130434783,
        "recall_at_5": 0.8260869565217391,
        "hit_at_5": null,
        "precision_at_5": null,
        "mrr": 0.7065217391304348,
        "ndcg_at_5": null,
        "selected_hit": 0.7391304347826086,
        "latency_first_ms": 1.8663174285263398,
        "latency_final_ms": 1593.1998317826128
      },
      {
        "section": "single_target_family",
        "group_type": "variant",
        "group_value": "no_rewriting",
        "total_cases": 46,
        "scored_cases": 46,
        "skipped_cases": 0,
        "error_cases": 0,
        "recall_at_1": 0.6521739130434783,
        "recall_at_5": 0.8260869565217391,
        "hit_at_5": null,
        "precision_at_5": null,
        "mrr": 0.7065217391304348,
        "ndcg_at_5": null,
        "selected_hit": 0.7608695652173914,
        "latency_first_ms": 1.9724918572267467,
        "latency_final_ms": 1514.336408260889
      }
    ],
    "by_mode": [
      {
        "section": "single_target_family",
        "group_type": "mode",
        "group_value": "image",
        "total_cases": 38,
        "scored_cases": 38,
        "skipped_cases": 0,
        "error_cases": 0,
        "recall_at_1": 0.8947368421052632,
        "recall_at_5": 0.8947368421052632,
        "hit_at_5": null,
        "precision_at_5": null,
        "mrr": 0.8947368421052632,
        "ndcg_at_5": null,
        "selected_hit": 0.7105263157894737,
        "latency_first_ms": null,
        "latency_final_ms": 1188.5487156579
      },
      {
        "section": "single_target_family",
        "group_type": "mode",
        "group_value": "model_3d",
        "total_cases": 14,
        "scored_cases": 14,
        "skipped_cases": 0,
        "error_cases": 0,
        "recall_at_1": 0.8571428571428571,
        "recall_at_5": 0.8571428571428571,
        "hit_at_5": null,
        "precision_at_5": null,
        "mrr": 0.8571428571428571,
        "ndcg_at_5": null,
        "selected_hit": 0.8571428571428571,
        "latency_first_ms": 1.9194046428765432,
        "latency_final_ms": 3688.607733928588
      },
      {
        "section": "single_target_family",
        "group_type": "mode",
        "group_value": "text_single",
        "total_cases": 40,
        "scored_cases": 40,
        "skipped_cases": 0,
        "error_cases": 0,
        "recall_at_1": 0.35,
        "recall_at_5": 0.75,
        "hit_at_5": null,
        "precision_at_5": null,
        "mrr": 0.475,
        "ndcg_at_5": null,
        "selected_hit": 0.75,
        "latency_first_ms": null,
        "latency_final_ms": 1153.5326893000158
      }
    ],
    "by_museum": [
      {
        "section": "single_target_family",
        "group_type": "museum",
        "group_value": "mnaz",
        "total_cases": 44,
        "scored_cases": 44,
        "skipped_cases": 0,
        "error_cases": 0,
        "recall_at_1": 0.6363636363636364,
        "recall_at_5": 0.8636363636363636,
        "hit_at_5": null,
        "precision_at_5": null,
        "mrr": 0.712121212121212,
        "ndcg_at_5": null,
        "selected_hit": 0.75,
        "latency_first_ms": null,
        "latency_final_ms": 1225.9463368408929
      },
      {
        "section": "single_target_family",
        "group_type": "museum",
        "group_value": "mnt",
        "total_cases": 48,
        "scored_cases": 48,
        "skipped_cases": 0,
        "error_cases": 0,
        "recall_at_1": 0.6666666666666666,
        "recall_at_5": 0.7916666666666666,
        "hit_at_5": null,
        "precision_at_5": null,
        "mrr": 0.7013888888888888,
        "ndcg_at_5": null,
        "selected_hit": 0.75,
        "latency_first_ms": 1.9194046428765432,
        "latency_final_ms": 1854.2714212708706
      }
    ]
  },
  "text_multi": {
    "overall": [
      {
        "section": "text_multi",
        "group_type": "overall",
        "group_value": "text_multi",
        "total_cases": 16,
        "scored_cases": 16,
        "skipped_cases": 0,
        "error_cases": 0,
        "recall_at_1": null,
        "recall_at_5": null,
        "hit_at_5": 0.75,
        "precision_at_5": 0.375,
        "mrr": null,
        "ndcg_at_5": 0.4033545160355094,
        "selected_hit": 0.625,
        "latency_first_ms": null,
        "latency_final_ms": 1083.1193344374697
      }
    ],
    "by_variant": [
      {
        "section": "text_multi",
        "group_type": "variant",
        "group_value": "full",
        "total_cases": 8,
        "scored_cases": 8,
        "skipped_cases": 0,
        "error_cases": 0,
        "recall_at_1": null,
        "recall_at_5": null,
        "hit_at_5": 0.75,
        "precision_at_5": 0.375,
        "mrr": null,
        "ndcg_at_5": 0.4033545160355094,
        "selected_hit": 0.625,
        "latency_first_ms": null,
        "latency_final_ms": 1004.5545947500045
      },
      {
        "section": "text_multi",
        "group_type": "variant",
        "group_value": "no_rewriting",
        "total_cases": 8,
        "scored_cases": 8,
        "skipped_cases": 0,
        "error_cases": 0,
        "recall_at_1": null,
        "recall_at_5": null,
        "hit_at_5": 0.75,
        "precision_at_5": 0.375,
        "mrr": null,
        "ndcg_at_5": 0.4033545160355094,
        "selected_hit": 0.625,
        "latency_first_ms": null,
        "latency_final_ms": 1161.6840741249348
      }
    ],
    "by_mode": [],
    "by_museum": [
      {
        "section": "text_multi",
        "group_type": "museum",
        "group_value": "mnaz",
        "total_cases": 6,
        "scored_cases": 6,
        "skipped_cases": 0,
        "error_cases": 0,
        "recall_at_1": null,
        "recall_at_5": null,
        "hit_at_5": 0.6666666666666666,
        "precision_at_5": 0.39999999999999997,
        "mrr": null,
        "ndcg_at_5": 0.38202278328090217,
        "selected_hit": 0.6666666666666666,
        "latency_first_ms": null,
        "latency_final_ms": 1039.3240639999324
      },
      {
        "section": "text_multi",
        "group_type": "museum",
        "group_value": "mnt",
        "total_cases": 10,
        "scored_cases": 10,
        "skipped_cases": 0,
        "error_cases": 0,
        "recall_at_1": null,
        "recall_at_5": null,
        "hit_at_5": 0.8,
        "precision_at_5": 0.36000000000000004,
        "mrr": null,
        "ndcg_at_5": 0.4161535556882738,
        "selected_hit": 0.6,
        "latency_first_ms": null,